LastName,FirstName,Title,ReportsTo,BirthDate,HireDate,Address,City,State,Country,PostalCode,Phone,Fax,Email
Jordan,Alicia,Support Agent,9,2/21/2000,2/27/2009,"17391 Hernandez Keys
South Emily, MI 97496",South Kevin,MS,Wallis and Futuna,50455,(956)475-6672x4790,400.519.3464x96901,leegary@example.com
Zuniga,Ian,Support Agent,5,7/13/1978,1/7/2007,"381 Benjamin Island
East Nancy, MI 45735",Port David,KS,Andorra,82530,918.336.3866x489,657.887.5833,william48@example.com
Carpenter,Chase,Support Agent,10,2/13/1984,7/26/2010,"2353 Heather Tunnel Apt. 018
Andersonhaven, TX 00723",Lake Michaelmouth,VA,Jamaica,64493,(959)394-9469x04158,(842)471-3475,george13@example.net
Wright,Michael,Support Agent,,8/10/1993,3/13/2009,"USCGC Dean
FPO AP 58305",Pearsonchester,MA,Cayman Islands,78263,805-475-0165x269,3325422367,darrellferrell@example.org
Miller,Eric,Support Agent,1,5/27/1980,12/17/2002,"24522 Makayla Streets
New Janet, PA 10443",New Briantown,SD,Falkland Islands (Malvinas),87089,300-361-5446,(411)500-4369,dhuff@example.org
Moore,Jacob,Support Agent,9,3/3/1991,8/24/2001,"8037 Johnson Fall Apt. 566
Tinaview, KY 20307",Jonathanside,NH,Reunion,70460,001-773-344-4469x2217,001-639-603-0385x0947,uclayton@example.net
Holder,John,Support Agent,6,5/10/1987,2/26/2010,"922 Daniel Terrace
Smithport, NE 48733",New Jason,DC,United Arab Emirates,99609,(237)552-3240,(854)947-1653x35603,kherman@example.net
Clark,Joseph,Support Agent,4,10/11/1987,9/11/2012,"617 Christopher Overpass Suite 201
North Emilyside, FL 15458",Powellmouth,GA,Senegal,72169,279.731.6477x22615,+1-572-597-1474x9103,hebertmatthew@example.com
Perez,Eric,Support Agent,10,8/9/1974,4/1/2015,"354 Joshua Village Suite 360
Bobhaven, AR 96792",Wilsonbury,IA,French Guiana,5654,918-438-9643,(659)752-2580x8975,gbentley@example.org
Adams,James,Support Agent,7,6/16/1982,10/15/2013,"9906 Stanley Port Suite 748
West Paulahaven, CT 58267",Thorntonport,MN,North Macedonia,37356,897.575.4000x12835,944-962-8403x969,daniel03@example.org
Brown,Rebecca,Support Agent,,6/10/1974,12/28/2021,"20284 Brian Keys
Camachomouth, GA 32703",Matthewberg,MI,Malawi,74852,258.649.5534x39411,(696)247-1528x46747,hannah91@example.org
Vasquez,Michael,Support Agent,10,7/17/1980,8/30/2008,"8210 Joe Walks Suite 328
Lake Melissa, NM 08409",Rachelport,DE,Antigua and Barbuda,72234,001-657-554-6128x68409,(309)586-4592x5277,xbaker@example.net
Davis,Ellen,Support Agent,2,6/25/1970,3/18/2020,"02928 Mendez Fort Suite 875
Lake Michaelaburgh, KS 23817",Beltranview,GU,Nicaragua,13680,001-453-774-3843x777,(502)366-1823x294,rmunoz@example.net
Richardson,Zachary,Support Agent,7,2/10/1968,4/10/2020,"89586 Rachel Skyway Apt. 806
Mitchellshire, MO 36781",Lake Samantha,OK,Faroe Islands,16615,(255)222-1898,+1-343-330-2856x284,rlyons@example.com
Yu,Matthew,Support Agent,2,9/8/1977,2/13/2024,"08282 Wang Cape
East Susan, KY 09078",Gregoryshire,AK,Korea,68376,001-847-985-6757x83374,830-204-8136x2888,jimenezleslie@example.com
Adams,Brian,Support Agent,4,1/31/1991,9/16/2000,"082 Russell Roads
Brookebury, NH 05628",Whiteshire,VA,Mexico,7955,428-870-6651x82873,+1-421-424-0330x29052,natalieshepard@example.org
Ellison,Michelle,Support Agent,9,9/7/1972,1/21/2015,"1041 Mark Harbor
Port Bradley, KS 05054",Port Johnnyfurt,NY,Somalia,82055,-10045,403.691.5169x40115,deanna82@example.org
Thornton,Caleb,Support Agent,,8/9/1985,7/8/2015,"PSC 7746, Box 0241
APO AA 32167",Bartonbury,FL,Saudi Arabia,88717,(451)409-1179x91896,5182199432,saradavis@example.com
Church,Amber,Support Agent,9,2/23/1969,3/26/2001,"648 Merritt View
West Cynthia, TX 32229",Patrickport,ID,South Africa,7517,+1-573-479-4915x54038,(218)916-0452,tammy39@example.org
Ballard,Haley,Support Agent,10,1/27/1990,4/11/2018,"33405 Merritt Grove
Lake Stephaniemouth, VI 91869",Carlosville,RI,Finland,97558,+1-236-296-8284x9949,843.996.8579x21498,rogersamanda@example.org
Parsons,Rebecca,Support Agent,4,6/18/1974,5/25/2012,"3865 Charles Shoals
Martinfurt, SC 56909",South Lisamouth,FL,Armenia,20987,+1-297-889-2913x4404,671-623-0239,jennifergardner@example.org
Bell,Kayla,Support Agent,8,3/7/2000,2/8/2001,"402 Joseph Circles Suite 748
Sylviabury, IL 67004",North Lucasmouth,TN,Colombia,98073,(978)983-7483,(291)293-4681x358,vhartman@example.org
Gutierrez,Antonio,Support Agent,1,9/13/1986,11/9/2021,"86873 Larsen Alley
Walkerstad, MO 61677",Markmouth,MP,Myanmar,70639,001-843-803-3398,+1-592-960-0885x31414,econner@example.com
Guzman,Melissa,Support Agent,10,1/22/2000,10/15/2003,"8921 Jason Mount Apt. 615
North Davidville, ID 61944",Laneside,ND,Philippines,75026,720.668.7068x654,933-955-1455,joneslori@example.org
Lynn,Derek,Support Agent,1,7/23/1996,10/8/2017,"08872 Mitchell Station Suite 576
Port Amberland, MN 68662",East Robin,SD,Oman,31513,001-513-619-9593x40730,791.875.1763,charles49@example.org
Munoz,Mary,Support Agent,7,2/15/1975,3/24/2013,"6234 Johnson Spurs Suite 804
South Andrewhaven, MO 20792",Sharonport,NJ,Bosnia and Herzegovina,25436,001-612-864-8830x960,(873)962-3297,omartinez@example.net
Shepherd,Jason,Support Agent,8,4/2/1994,10/17/2022,"20346 Anderson Spurs
New Justin, KS 33094",Lake Michaelberg,MH,Uzbekistan,38707,001-902-810-4962,954-986-4368x04267,andrew41@example.org
Kelley,Jesse,Support Agent,7,2/9/2002,10/18/2016,"1564 Ivan Extension Suite 718
Port Timothy, FM 74574",Port Richard,MP,Egypt,96721,962-679-1816x7614,-8523,dominicsoto@example.org
Perkins,Mathew,Support Agent,3,11/8/2001,12/10/2023,"95953 Hardin Ridge Apt. 678
New Brookebury, TX 34967",Port Pamelaport,RI,Saint Helena,29640,636.935.3391,(765)914-1107x42833,pwalker@example.com
Williamson,Rhonda,Support Agent,6,10/30/1975,12/27/2002,"4518 Hoover Ford Apt. 671
East Davidville, PA 98969",Bethburgh,AR,Kenya,73217,001-756-463-3387x6408,421-934-8326,samantha23@example.com
Fuller,David,Support Agent,10,1/17/1995,8/17/2000,"11485 Christine Freeway Apt. 096
South Meghanton, GA 52926",Gonzalesside,NC,Tanzania,49653,001-884-209-8165x68179,243-279-8663x0986,burtonjonathan@example.net
Thompson,Patrick,Support Agent,1,9/21/1992,7/9/2000,"1828 Evelyn Square
Dianahaven, NV 02416",South Julie,WV,Korea,6432,9709259792,001-729-431-1615x724,vking@example.com
James,Amber,Support Agent,1,1/16/1976,10/14/2019,"088 Jennifer Lock
Martinborough, WV 50775",North Antonioton,SC,Slovakia (Slovak Republic),4350,+1-984-822-8112x576,357-754-0658x930,hectorclark@example.net
Walker,Kathleen,Support Agent,7,7/11/1984,6/1/2021,"05634 Stephanie Crescent
Lake Robert, CA 24733",East Hollytown,PA,Ireland,44103,960.299.5817x2094,001-790-407-1073x488,erintrevino@example.net
Swanson,Tony,Support Agent,2,2/4/1982,4/16/2000,"81942 Lopez Highway Apt. 309
Nicoleview, ID 62033",East Codyburgh,KS,Portugal,30427,6519972322,9482774265,mbrown@example.com
Johnson,Kevin,Support Agent,7,8/30/1980,10/26/2015,"Unit 1204 Box 8400
DPO AE 19239",South Louisville,TN,Chad,75654,+1-604-538-7360x936,798-330-9976x3788,durhamjames@example.net
Hayes,Cathy,Support Agent,10,4/11/1989,2/14/2003,"4092 Moore Keys
New Erica, AL 41518",Jonesview,AS,Cayman Islands,34391,+1-826-699-6996x122,875.316.9517,austindavis@example.org
Montoya,Nicholas,Support Agent,10,1/12/1989,6/14/2018,"312 Chloe Summit
Brianberg, MN 55431",South Sandra,DE,Kuwait,37897,786-580-3973x958,7018392189,gooddeborah@example.org
Fletcher,Christopher,Support Agent,8,1/2/1976,2/19/2019,"000 Heather Course Suite 463
East Davidville, MH 50925",New Christine,NY,Eritrea,10961,001-388-756-7222x288,525-214-6030x03158,medinajohn@example.org
Bass,Damon,Support Agent,2,1/23/2000,5/9/2000,"7959 Carrie Walks
West Ericamouth, NH 12136",North Cherylberg,IL,Burundi,55198,001-919-772-5618x67865,392.340.9030x5531,alyssaperez@example.org
Jones,Eric,Support Agent,,8/19/1987,9/12/2014,"PSC 0252, Box 9384
APO AP 08210",Burgessside,SC,Paraguay,44028,001-324-216-2029x0642,001-624-739-8988x854,tbrown@example.org
Clark,Tina,Support Agent,5,8/7/1965,8/11/2007,"08023 Perry Center
Gutierrezburgh, PW 45393",Joyview,CO,Myanmar,10213,+1-394-422-0481x5296,248.332.2981x30372,jasonburgess@example.com
Yang,Sharon,Support Agent,8,8/19/2002,6/1/2018,"898 Charles Branch Suite 317
Port James, TN 06263",Gomezside,FL,Togo,81441,704.335.8336x92069,666-412-0385x608,sharonkhan@example.org
Buchanan,Nicole,Support Agent,4,11/23/1979,6/10/2011,"153 Damon Fords
West Bryanhaven, LA 50949",Jonestown,AZ,Bouvet Island (Bouvetoya),27682,+1-203-371-7255x040,+1-681-753-0609x1308,brownscott@example.net
Henderson,Linda,Support Agent,2,10/30/1985,3/8/2003,"7598 Padilla Harbor Suite 279
East Debbietown, AR 62449",Hunterhaven,WI,Slovenia,53797,001-206-746-8579,(514)950-3864x0328,griffinjustin@example.net
Cervantes,Catherine,Support Agent,9,8/11/1975,6/21/2022,"710 Ryan Ridges
North Elizabeth, MP 18052",Matthewton,GA,Congo,77555,(693)548-2856x876,298-243-7494x8450,carrie20@example.org
Adams,Robert,Support Agent,10,1/5/1995,6/6/2000,"323 Anne Roads Suite 310
New Danielle, NV 79764",Valenciabury,WV,Ethiopia,55460,801.355.7972,224.572.7505,smithsarah@example.org
Wolf,Thomas,Support Agent,10,1/5/1971,5/1/2020,"7120 Reeves Lodge Suite 030
Brandonshire, WI 28825",Saramouth,SD,Moldova,95736,(376)878-3252x2922,840.594.6873x961,fischerlinda@example.net
Olson,Natalie,Support Agent,9,4/25/2002,4/9/2011,"5079 Gordon Lock
New Vincenthaven, MS 19094",South Emily,PA,Kiribati,24361,427.282.1461x7798,648-318-7062x619,qalexander@example.net
Walker,Bradley,Support Agent,3,8/15/1972,12/8/2009,"91936 James Land
Christopherview, MN 24129",Kingberg,HI,Macao,70234,628-238-7909x95022,988.871.7105,johnsonkristy@example.org
Kim,Shannon,Support Agent,,8/25/1969,11/12/2015,"2557 Steve Center
West Ashley, MD 50306",North Elizabethside,NM,South Africa,95185,623-815-7625,(720)364-5163,stephaniemills@example.net
Hines,Julie,Support Agent,8,7/16/1971,5/18/2003,"PSC 4260, Box 8454
APO AA 57069",Lake Jessicaberg,AL,Turkey,5820,(593)977-8645,(830)871-4044,jwelch@example.net
Kim,Ashley,Support Agent,4,12/4/2001,11/10/2002,"3226 Watson Junction Apt. 826
South Sabrinaport, PW 40343",Lake Brandonborough,WA,Benin,69368,433-827-2987x531,494.494.4184x852,bonillaclaire@example.net
Moss,Sarah,Support Agent,9,11/16/1996,8/27/2006,"Unit 1614 Box 5172
DPO AE 45818",Lake Laura,IL,Togo,60898,787.679.4255x1857,(516)768-4739,tmccann@example.net
White,Justin,Support Agent,,10/18/1991,1/25/2011,"28676 Michael Cove
Jennifermouth, IA 16464",Krystalbury,NC,Guatemala,58247,+1-277-713-3015x1107,(401)984-1366,maddoxjason@example.net
Valencia,John,Support Agent,10,7/21/1991,9/23/2017,"22678 Dodson Rue
South Eric, MN 76184",West Davidbury,AK,Netherlands Antilles,28658,641.957.7914x3490,716-552-2368,pmay@example.net
Taylor,Joel,Support Agent,,9/15/2002,10/5/2008,"010 Brown Mall
Duffyfort, UT 38734",Port Beth,MP,Gambia,86209,716-487-3918x215,001-297-313-6556x26788,tjones@example.net
Johnson,Erin,Support Agent,3,10/19/1982,1/21/2010,"314 Banks Groves
East Thomas, MI 81692",Berrymouth,MA,China,527,+1-573-808-4142x8368,7732207240,brettcross@example.org
Garcia,Jonathan,Support Agent,1,12/22/1975,8/2/2007,"0960 Miller Heights
Cruzfort, ND 86503",Katiefurt,FL,Uganda,23667,800-477-8145,-1174,browningdavid@example.com
Young,Jennifer,Support Agent,5,8/4/1970,3/29/2007,"45682 John Neck Apt. 387
South Philipview, MT 87691",North Jose,NE,Austria,37771,231.265.9634,608.975.4214x0861,mario98@example.net
Holder,Kelly,Support Agent,5,11/7/1994,7/8/2003,"4349 Sharon Springs Suite 096
East Nicole, FL 81995",New Wendyshire,AL,United States of America,10704,(589)688-4766x84444,(299)424-8534x812,stephen85@example.org
Sawyer,Lisa,Support Agent,1,12/5/1995,11/26/2016,"59565 Marvin Harbor Suite 194
South Kathryn, ND 21372",West John,NH,Saint Lucia,80782,+1-698-840-3595x460,819-958-7776x2747,amywalker@example.com
Freeman,Nicholas,Support Agent,5,7/23/1991,8/7/2009,"4754 Ali Heights
Kathrynhaven, MT 93374",Kevintown,NV,Bermuda,8511,965.898.8868x475,858.516.6845x996,wallsdawn@example.org
Thompson,Timothy,Support Agent,,8/27/1972,7/4/2002,"1487 Connie Garden Suite 149
East Austin, NE 76181",Haileyview,NM,Moldova,54762,9057619322,(278)438-7174,sford@example.org
Jackson,Angela,Support Agent,5,12/15/1968,2/11/2012,"Unit 9208 Box 3097
DPO AA 64679",Ryanport,MS,Belarus,70879,(931)557-7789x2571,-9100,tammymacdonald@example.net
Campbell,Lawrence,Support Agent,4,7/22/1979,5/2/2015,"975 John Neck
Williefurt, OH 59532",New Patrick,MI,Guinea,90888,901.298.9454x2304,+1-648-635-5595x60765,charles96@example.com
Nixon,Patricia,Support Agent,4,12/14/1984,2/10/2018,"132 Matthew Inlet Apt. 977
South Christopherville, OR 51378",South Barbara,WI,Togo,75242,(835)773-4219x07477,+1-783-938-6673x279,justin62@example.com
Boyd,Brandon,Support Agent,7,6/26/1980,4/22/2019,"745 Tracey Throughway
Thomasland, NH 15304",Port Ashleyfurt,ND,Korea,38034,2202298267,335.591.7778,jacobpowell@example.org
Boyer,Hector,Support Agent,5,11/12/1968,5/11/2020,"09739 Guerrero Forges
Carlabury, VT 78064",East James,MD,Seychelles,27854,213-335-8059x387,4804300275,jason26@example.org
Smith,Kelsey,Support Agent,8,7/27/1976,4/11/2023,"070 Donna Cape
Lake Stephanieburgh, ND 14432",Brockshire,RI,North Macedonia,16033,+1-478-937-0314x6550,(570)392-0414,vking@example.com
Jenkins,Julie,Support Agent,8,4/21/1999,6/9/2005,"57712 Singh Plains
Lake Ashley, IL 16296",South Davidtown,IA,American Samoa,61086,(453)452-1449,(917)459-4590,zreese@example.net
Rivera,Rebecca,Support Agent,,5/19/1999,12/20/2005,"186 Hannah Corners
North Leslieland, CA 80645",Port Michaelmouth,MO,Nigeria,53193,(991)510-1409x702,001-808-897-0376,anthony99@example.net
Richardson,Kimberly,Support Agent,2,3/10/1976,1/6/2009,"888 Cole Falls Apt. 779
Frankmouth, MN 42713",Mezaland,WV,Swaziland,93005,+1-784-589-3568x543,(526)611-3369x6687,huertasherry@example.com
Gomez,Jasmine,Support Agent,2,8/19/1992,8/13/2020,"05399 Clayton Cliffs
East Andrea, MO 56583",Port Sarabury,FL,Bouvet Island (Bouvetoya),50764,282-462-8684x77309,(504)256-3441x305,christopher40@example.com
Oliver,Ricky,Support Agent,7,8/28/1967,7/25/2024,"021 Jordan Lakes
North Donald, WV 34362",Port Charles,DC,Montserrat,77443,274-225-2092,(576)475-5670,donaldrobinson@example.org
Dunn,Marissa,Support Agent,9,5/13/1978,4/23/2002,"75017 Hill Knolls Suite 908
Hoganton, TX 61349",New Rachel,AR,Montserrat,69764,488-587-0939,(852)216-5844,heatherpatton@example.net
Mcguire,William,Support Agent,5,9/21/1994,7/4/2021,"966 Barbara Station Apt. 542
Hodgeport, AS 60752",West David,OK,Senegal,81888,-11197,001-796-396-9471x47397,shellyschmidt@example.org
Richardson,Suzanne,Support Agent,1,4/25/1997,6/29/2008,"359 Johnson Stravenue Suite 190
East Michael, MN 43546",North William,NJ,Niger,91084,(829)971-1321,886.629.3013,elizabethfox@example.org
Jackson,Jennifer,Support Agent,10,3/29/1974,10/12/2003,"0227 George Groves Apt. 336
Henryshire, OR 12816",Joshuaberg,ME,Tonga,62877,4489618738,269-255-0789,myersjennifer@example.net
Lynch,Chloe,Support Agent,7,12/11/1967,2/4/2005,"3434 Underwood Street
Harrismouth, VT 34452",Lake Monica,FM,Albania,50742,343-541-5091,-6708,ryan08@example.com
Arnold,Tyler,Support Agent,,3/14/1975,2/5/2020,"87373 Ruiz Inlet
Yoderbury, WY 34285",Port Michaelstad,WY,Egypt,66556,959.806.6423,889.365.8934,randysanchez@example.org
Singh,Ricardo,Support Agent,3,1/19/1995,7/8/2004,"36736 Brandi Forges Suite 919
Lake Curtis, MO 45721",East Karentown,WY,Thailand,25167,(327)394-1707,530.369.5343,dennisbennett@example.com
Cortez,Cristian,Support Agent,3,7/9/1996,12/18/2019,"95732 Pittman Greens Apt. 728
Patriciaburgh, OH 53404",Taylorville,FL,Maldives,29215,697-542-2428x5847,718-347-8555,patrickmartin@example.net
Hernandez,Michele,Support Agent,7,10/24/1998,5/30/2001,"54093 Todd Grove
Port Natalie, ND 68922",Port Michaelland,OR,Turkmenistan,55519,001-415-613-1106x71437,001-899-380-7599x59944,timothy97@example.net
Davidson,Francis,Support Agent,10,7/26/1969,5/21/2000,"2505 Chen Plains
Lake Morgan, AK 06568",Kellyton,AL,China,67905,365.619.9100x7277,820.600.9583x1295,qgomez@example.com
Morgan,Nicholas,Support Agent,9,6/12/1967,4/27/2023,"176 Cunningham Mount Apt. 157
New Devin, SD 49732",Matthewton,MT,Turkey,34673,(888)235-0065,(287)259-4011x17921,njackson@example.com
Herrera,Tara,Support Agent,,6/23/1967,3/10/2003,"13105 Johnson Station Suite 023
East Annabury, FL 51530",South Amanda,NM,China,67815,001-405-722-2851x19700,(305)274-6317x203,ralphhardin@example.org
Morales,Steven,Support Agent,,7/3/1974,9/23/2004,"768 Alexis Shores
Andersonfurt, MI 17567",Harryberg,NC,Tunisia,26732,273.828.5705x34778,001-901-208-8652,yfoley@example.com
Cook,Michelle,Support Agent,,2/21/1979,1/30/2008,"PSC 9560, Box 5108
APO AA 86354",South Melissa,TX,Zimbabwe,13124,+1-820-341-5026x5850,(727)609-0588x39536,kjohnson@example.com
Bautista,Bethany,Support Agent,1,1/5/1998,8/25/2014,"234 Campos Throughway
Shawhaven, MN 23292",East Kenneth,PR,Liechtenstein,61348,411-848-6558,(520)760-5132,floresjudy@example.org
Cooper,Brian,Support Agent,10,8/1/1994,4/30/2012,"728 Rebecca Estate
North Tiffanyville, WA 67165",South Alyssa,NV,Malawi,97791,001-647-989-1487,(570)455-2849,ginamarshall@example.org
Rasmussen,Katelyn,Support Agent,5,1/18/1969,2/18/2012,"33528 Bowen Meadow Suite 260
South Margarettown, NJ 61971",North Robert,TX,Barbados,63532,3459853798,(674)652-5674,heathermccoy@example.com
Wilson,Taylor,Support Agent,7,5/16/1974,6/5/2014,"33942 Robert Rest Suite 383
Port Christiestad, NE 60957",Jeanton,AR,Colombia,48789,4925147766,+1-953-753-6258x310,hillrebecca@example.org
Meyers,Cynthia,Support Agent,10,3/3/1989,6/13/2007,"540 Johnson Bridge
New Stephanie, NH 90949",South Bradleybury,IN,Pakistan,4532,(886)357-4294x60697,(867)215-6532x4326,evansgarrett@example.com
Anderson,Charles,Support Agent,4,3/7/1982,11/9/2022,"9004 Robert Island
Lake Kyle, MH 72565",North Josephshire,NM,Turks and Caicos Islands,12751,801-987-6706x208,6539506750,sue01@example.org
Cervantes,Marissa,Support Agent,4,5/4/1989,1/26/2001,"Unit 5823 Box 8983
DPO AE 65752",Harringtonview,AK,Georgia,76640,446-377-2659,923-645-5735,kreyes@example.net
Hall,Jacob,Support Agent,9,2/7/1977,10/25/2013,"42703 Christopher Rapid Apt. 713
West Ericaside, ID 64609",Hillbury,MS,Angola,47753,677-490-5207x13561,001-200-614-0531,marvinschmidt@example.net
Browning,Michelle,Support Agent,5,6/9/1967,8/11/2011,"2902 Kelly Mount Suite 128
Andersenport, WV 61028",Lake Brianaberg,MT,Australia,44371,717-444-8254x50695,001-900-476-2945x497,coleschultz@example.net
Chambers,Joan,Support Agent,5,5/18/1972,11/6/2015,"Unit 1784 Box 3747
DPO AE 29281",Drakebury,AS,Algeria,1277,243-667-1618x66167,001-309-645-3798x00143,larry05@example.org
Garrett,Jessica,Support Agent,4,5/19/1985,11/4/2008,"591 Brian Cliff
New Johnhaven, RI 19358",Parkfort,WA,New Caledonia,28129,332-852-2203,+1-976-450-6198x5633,vegasusan@example.net
Wu,Theodore,Support Agent,6,9/5/1993,6/9/2020,"877 Joshua Hills
Bateshaven, GU 39585",New Dennis,TN,Senegal,39022,001-248-252-7635,362-718-7427x807,jesusmichael@example.com
Rodriguez,Sierra,Support Agent,3,9/7/1971,11/24/2008,"20102 Heather Crest
Gardnerbury, NH 67591",Austinmouth,VA,Norfolk Island,97490,616-275-9864,(828)357-6415,qperkins@example.org
Matthews,David,Support Agent,6,1/20/1973,10/29/2003,"8202 Sarah Ramp Apt. 642
Lisaburgh, SD 19605",East John,ND,Burkina Faso,22845,(316)655-9479,918.684.9122x15012,chapmanlisa@example.net
Smith,Jeffrey,Support Agent,4,7/12/1978,3/30/2000,"7276 Lewis Glen Suite 330
New Sarah, DC 92381",Larsenport,WY,Netherlands,84698,(316)933-0919x35313,5135684474,dickersonallison@example.org
Young,Richard,Support Agent,,7/16/1990,1/22/2012,"909 Kristen Dale Apt. 412
Port Jonathan, TN 62864",Jamieberg,AZ,Mozambique,62224,634-955-3899x703,846.500.8018x66814,kristine11@example.net
Rivera,Debra,Support Agent,10,3/21/1978,5/29/2022,"27871 Cameron Turnpike Suite 699
East Edward, NV 80672",Lake William,OR,Turkmenistan,98981,001-447-258-9748x09636,719-728-6112x5262,howardadam@example.com
Bray,Richard,Support Agent,6,7/22/1994,9/30/2007,"1040 Martin View
Rachelland, WY 73306",South William,VT,Korea,93296,001-972-634-1292,202-448-2169,taylorhailey@example.net
Wright,Valerie,Support Agent,,12/15/1988,11/19/2016,"345 Brown Park
Markland, MS 41131",East Scott,OK,Niger,63012,(993)624-0994x4988,(702)488-1251x48757,yjones@example.org
Stuart,Joseph,Support Agent,7,6/5/1979,1/18/2007,"7709 Snow Village
Tarastad, LA 50378",Frankview,WI,Grenada,67590,001-771-904-5452x1940,377-254-8946x2418,samantha58@example.com
Hernandez,Michelle,Support Agent,6,9/7/1997,5/2/2017,"199 Green Mountains
Davidside, ND 58600",West Dennis,GU,Djibouti,47636,001-806-564-9089x6425,(275)805-3812,mitchelljoshua@example.net
Chambers,Anne,Support Agent,9,11/27/2001,2/21/2014,"13059 Baker Trail Suite 571
Brownbury, MD 22137",Lake Chelsea,MN,Malaysia,83051,001-719-843-6646x1303,001-505-617-2267,tstrickland@example.org
Garrett,Michael,Support Agent,1,12/28/1979,11/23/2020,"USS Mullins
FPO AP 90509",Lake Biancaland,OH,Pitcairn Islands,81262,(905)642-2102,235-334-6386x72029,jjames@example.org
Torres,Jeffrey,Support Agent,2,10/16/1993,1/8/2024,"USNV Aguirre
FPO AA 19624",Nicholasville,WY,Montserrat,12013,334-893-2535x939,5587362511,kimfrances@example.com
Gonzales,Jill,Support Agent,3,2/4/2003,9/4/2003,"5449 Webster Union
Davidbury, OK 25136",New Ian,DE,Zimbabwe,97706,602.814.3135,001-868-523-5574x707,nnelson@example.com
Gentry,Cody,Support Agent,5,9/12/1970,12/21/2010,"6100 Bradley Crossroad Suite 193
South Sandra, MN 66102",Lake Robertmouth,UT,Saint Vincent and the Grenadines,9907,466.764.4688,947.770.5534x41771,katrinapacheco@example.com
Wood,Meghan,Support Agent,,3/14/1986,4/27/2018,"0368 Matthew Fields Apt. 040
Terryfurt, MT 79835",Jeremymouth,MI,Korea,28428,608.901.4640,(710)706-1027x3192,pedroedwards@example.org
Thompson,Patrick,Support Agent,,6/10/1982,10/14/2006,"378 Shane Pass
New Christopher, OR 02764",Petersonshire,LA,Spain,18607,483-796-9303x8491,927.624.0117x655,lindaevans@example.net
Cooper,Alicia,Support Agent,3,9/16/2001,6/7/2008,"458 Marcus Streets
Apriltown, OR 17137",Willisbury,ND,Portugal,27911,001-464-821-5789x494,(608)331-8789x67955,reyesnoah@example.com
Rodriguez,Andrew,Support Agent,3,3/4/1990,6/29/2007,"06121 Ian Skyway Apt. 535
Everettport, HI 72182",Wilsonfort,PA,Qatar,37425,616-812-8519x3837,886-863-1850x647,timothy68@example.com
Parker,Frances,Support Agent,4,12/16/1964,1/19/2023,"5664 Kenneth Plains Apt. 961
West Raymondtown, DC 60028",Mullenmouth,PA,Central African Republic,50590,449.779.4533,(805)939-5440x00897,lopezbelinda@example.org
Gomez,Ryan,Support Agent,10,8/4/1973,3/27/2013,"58883 Patrick Turnpike Suite 015
New Douglasport, ND 98834",New Todd,WA,Lao People's Democratic Republic,26134,(510)635-6528x1602,205-773-9267,sandra44@example.com
Moore,Jane,Support Agent,5,9/29/2000,5/20/2011,"16839 Russell Port
Port Darrenland, FM 84381",Angelicafurt,MD,Tajikistan,97919,258.245.8174x012,702-897-3636,chapmankarina@example.com
Parker,Kelly,Support Agent,6,11/21/2000,7/5/2022,"Unit 8612 Box 1805
DPO AA 19684",West Jefferyhaven,KS,Iran,75970,(751)403-0240x0242,+1-432-454-1793x666,garciaapril@example.org
Kramer,Dustin,Support Agent,10,11/21/1973,7/21/2024,"PSC 2586, Box 7421
APO AA 71783",North Michaelville,SD,Singapore,46294,929-452-5795x466,694-647-5058x41604,alyssahunter@example.org
Curtis,Darryl,Support Agent,6,8/28/1992,7/4/2001,"01091 Pacheco Mews Apt. 243
New Michael, VI 07074",Brayhaven,MO,Kyrgyz Republic,14601,9256091637,2204107939,hsmith@example.com
Perez,Jillian,Support Agent,2,4/5/1965,11/1/2018,"8663 Williams Knolls Suite 698
Martinezfort, CT 51792",Lake Jessica,UT,Lithuania,99460,+1-632-962-8688x8027,967.749.1557x8479,kylesteele@example.com
Brown,Joanna,Support Agent,4,4/8/1980,8/18/2022,"Unit 1601 Box 4538
DPO AA 09549",New Christopherville,MD,Hong Kong,83706,(384)938-8059,880.549.4762,stephenwhitehead@example.com
Taylor,Samuel,Support Agent,1,11/11/1980,4/7/2016,"07594 Brown Vista
Duketown, PW 68396",Moranville,VA,Puerto Rico,26042,855.229.5686x74988,(985)237-9596,taylor88@example.org
Stafford,Stephanie,Support Agent,8,2/21/1971,5/20/2014,"86031 Patty Curve
South Robert, PW 44190",West Kimberly,IA,Isle of Man,68919,430-246-5024,244.253.5883,steven94@example.org
Hoover,Jennifer,Support Agent,,2/28/1980,4/15/2002,"94261 Bobby Locks
West Walter, IA 08324",Marystad,MA,Djibouti,19356,001-710-434-3201x2486,398-250-8520,elizabeth61@example.com
Maldonado,Yvette,Support Agent,3,12/15/1966,1/5/2022,"994 Andrea Mews Apt. 205
North Ashley, MS 36099",Kyleborough,MP,Nepal,59305,937-927-0611x283,806-847-5613x55350,michaelburch@example.net
White,Michelle,Support Agent,2,6/7/1964,2/19/2006,"41869 Andrews Via Suite 861
Gonzalezland, IA 46325",Maryton,NH,Saint Vincent and the Grenadines,62034,682.982.6215x30224,480-981-8746,hortoncody@example.com
Jacobs,Valerie,Support Agent,6,7/25/2001,3/15/2025,"16240 Callahan Stream
New Sabrina, DC 44600",Millerborough,MH,Holy See (Vatican City State),28358,522.759.2188,(482)700-0102,roberto01@example.com
Hernandez,Lindsey,Support Agent,6,3/19/1989,7/17/2003,"066 Flores Cliffs
North Anna, MI 06828",Douglasville,OK,Cambodia,78388,001-928-748-0959x9432,635-516-6086,swright@example.org
Hutchinson,Nathan,Support Agent,9,4/1/1986,6/3/2014,"3219 Coleman Ridge Suite 453
West Julialand, RI 80426",Jenniferland,MI,Sweden,50041,338-334-4871,(530)732-0095,lynn68@example.org
Phillips,Lori,Support Agent,9,7/15/1988,1/8/2015,"PSC 1913, Box 2660
APO AA 12136",Lake Edward,DC,Hungary,85855,739.916.4988,-9931,ythompson@example.net
Schwartz,Joshua,Support Agent,1,3/1/1977,11/16/2020,"4160 Gomez Via Suite 372
South Brenda, MI 26379",East Jeffreymouth,ME,Zimbabwe,27214,350-200-8929x814,8266398561,flemingsusan@example.org
Shah,Nichole,Support Agent,,5/31/2002,5/6/2014,"1060 Nancy Gateway Apt. 463
Lisaborough, UT 47034",New Scott,AL,Nauru,62797,001-593-496-7605,484-829-7586,joshua50@example.com
Wright,Mary,Support Agent,,8/18/1997,11/18/2020,"990 Michael Ville Apt. 789
Lanemouth, GU 90290",Valdezberg,ME,Estonia,93051,(795)551-3383x02014,+1-864-266-0492x648,johnsonalexander@example.net
King,Tony,Support Agent,7,7/5/1964,1/3/2002,"81548 Daniel Circles
North Nancyburgh, PW 33648",New Edwin,OH,Lesotho,31344,636-681-5108x61186,4204727562,hwilliams@example.com
Harmon,Steven,Support Agent,2,11/18/1988,10/26/2017,"225 Fowler Passage Suite 419
Hardymouth, AZ 16965",Oliviastad,AR,Peru,34929,898.714.8672x2292,+1-736-398-6193x357,nicoleclayton@example.org
Stuart,Alexander,Support Agent,,10/10/1976,8/14/2008,"41460 Benjamin Dam
Banksport, PW 17223",Duanestad,NV,North Macedonia,79334,7682986734,7494835829,jeremy81@example.org
Lin,Kimberly,Support Agent,8,4/2/1995,11/27/2014,"05481 Newman Mountains
New Jameschester, VA 63372",North Douglasshire,GU,Philippines,68103,(663)860-9715,237-647-1880x0953,juliemontoya@example.org
Patterson,Joshua,Support Agent,6,1/31/1997,12/29/2006,"70205 Elizabeth Course
Janetchester, VA 67953",Port Charles,NE,Lesotho,13453,(821)202-4901x341,001-673-334-0892x194,amber45@example.com
Smith,Melanie,Support Agent,,11/14/1971,1/27/2020,"5191 Ryan Via Apt. 946
West Alexandriaport, SD 28651",Port Megan,VA,Korea,29780,470-588-7633x891,(543)481-5886,theresa31@example.com
Nelson,Jennifer,Support Agent,10,10/21/1997,3/22/2016,"338 White Forks
Franklinberg, VT 79801",Port Meagan,LA,Haiti,760,001-702-731-2348,933-420-1915x49718,brownjoseph@example.org
Gonzalez,Manuel,Support Agent,6,7/12/1965,8/2/2009,"68088 Eileen Loaf Apt. 311
South Amandabury, ID 25461",Schmidtside,OR,Libyan Arab Jamahiriya,92374,2838101634,(647)492-5501,vaughnmaria@example.net
Vasquez,Brooke,Support Agent,10,10/22/1989,2/23/2002,"40781 Morrison Overpass Apt. 838
Andersonborough, GA 14288",Lake Reginaborough,OR,Pakistan,27021,(659)984-9651x34447,7952693599,rickywagner@example.org
Jones,Maria,Support Agent,2,8/5/1994,5/17/2007,"Unit 1236 Box 6008
DPO AE 39335",Darrellview,FM,Bangladesh,49910,001-321-773-2062x14497,889.748.5578x5817,heather18@example.com
Gomez,Mary,Support Agent,9,1/18/1998,7/23/2024,"3939 Garrett Turnpike Suite 564
North Michael, GA 71807",West Justin,ME,Saint Lucia,56580,001-496-994-7147x6342,649.694.9089x10675,jeremymonroe@example.org
Stewart,Tyler,Support Agent,6,3/23/1993,12/13/2021,"49027 Harrell Green
North Mark, IN 83838",Barberside,NC,Reunion,57693,569-782-3898,996.655.7441,alicia29@example.net
Lewis,Thomas,Support Agent,1,3/30/1980,10/11/2002,"527 Bradley Well Suite 302
Andrewside, AR 08374",Scottchester,IA,Hong Kong,70340,799-833-7743x98314,(357)299-8886x070,holly14@example.com
Grant,Rebecca,Support Agent,6,12/18/1965,6/11/2014,"USNS Mckenzie
FPO AA 10616",Christopherside,TN,Lao People's Democratic Republic,12190,538.206.1734x606,(575)304-7193x8984,jerrywillis@example.com
Donaldson,Christopher,Support Agent,1,7/19/1994,5/29/2000,"69770 Burton Fork
East Lauraview, PA 36906",West Brandonburgh,WA,Antarctica (the territory South of 60 deg S),86243,-4899,529.355.6925,carlosmelendez@example.net
Brown,Gregory,Support Agent,6,4/13/1980,11/17/2023,"130 Martinez Inlet Suite 106
South Jaredborough, FM 80877",West Bradleymouth,FM,Burundi,71073,516-851-2287,(929)514-5578x5264,derrickhenderson@example.com
Miller,Misty,Support Agent,10,4/29/1992,9/19/2012,"39982 Hays Bridge Apt. 103
Port Jillmouth, WV 81491",Lake Charles,VA,Jordan,13822,001-395-677-8063,+1-561-490-3261x128,marioramirez@example.net
Wells,Joshua,Support Agent,3,7/11/1972,3/31/2002,"09000 David Corner Suite 269
Freemanland, MS 60581",East Shawnmouth,GA,Brazil,48129,649-791-6147,001-294-230-9539x1345,wadevalerie@example.com
Lee,Joshua,Support Agent,6,1/21/1995,6/29/2006,"977 Jeffrey River Suite 702
East Marissaville, OR 43784",Port Richardport,ND,Seychelles,1250,(416)651-7090x39926,391-347-2589x9210,emitchell@example.org
Ware,Thomas,Support Agent,6,10/17/1977,12/20/2002,"58379 Darlene Flats
Douglasport, CO 86024",Lake Chelseastad,GA,Austria,25979,001-907-662-1566x50496,(651)984-3048,hallen@example.com
Lynch,Kathryn,Support Agent,10,5/25/1968,11/12/2002,"7215 Robbins Extension Suite 149
East Colin, IA 68190",Robertburgh,OH,Samoa,6242,257.859.8613x4236,923-297-5184x0448,qmyers@example.org
Young,Paula,Support Agent,10,8/11/1971,4/7/2014,"43770 Padilla Spring
Spencerberg, NY 70201",Spencerstad,AZ,Netherlands Antilles,85189,756.606.0310x0991,001-318-994-9875,nrogers@example.com
Pena,Regina,Support Agent,1,9/5/1967,11/13/2001,"17782 Glenn Islands
Toddville, AZ 17662",New Joel,CO,Equatorial Guinea,2763,001-555-384-6407x82891,983-873-8344,carlosmarquez@example.net
Cruz,Kyle,Support Agent,3,1/21/1993,7/31/2018,"174 Kaufman Crest
Jamesport, WY 64067",Port Deanna,NM,Cambodia,98622,(920)854-7648x2342,(728)778-6526,tracyvaughn@example.net
Hines,Sandra,Support Agent,2,3/29/1978,11/18/2010,"798 Fisher Throughway Suite 977
Jeremyhaven, TN 76270",Kathleenview,MO,Azerbaijan,37254,961.770.4687,(845)605-6155,rebeccacompton@example.org
Blackburn,Jennifer,Support Agent,1,11/4/1995,2/24/2017,"897 Mcintyre Oval Suite 368
Port Ivan, KY 23013",South Jennifer,ME,American Samoa,7914,7102508758,609.342.0827,fhodges@example.com
Mcpherson,Katie,Support Agent,9,4/19/1992,12/29/2012,"345 Bradley Lights Apt. 216
South Kennethland, CO 63283",Codymouth,TX,Bosnia and Herzegovina,14667,895.619.8776,915.312.6023x540,tracy93@example.org
Jackson,Brian,Support Agent,5,9/20/1971,8/22/2023,"90454 Fisher Port Apt. 825
South Brandon, GU 04237",Port Scottville,LA,Equatorial Guinea,94241,+1-248-635-7539x48437,+1-908-229-0589x7073,robertobrien@example.net
Farrell,Logan,Support Agent,10,2/11/1978,12/20/2001,"00349 Johnson Expressway Apt. 022
Rebeccaport, VA 36252",Frankchester,WA,Kazakhstan,48491,830-768-7770,890.474.2351x10616,clinton59@example.com
Kelley,Allen,Support Agent,7,2/18/1970,9/1/2007,"364 Lozano Throughway Apt. 436
South Kelly, MT 56111",East Alyssaview,CT,Belarus,5206,-3571,461-760-9894,anthony34@example.org
Levy,Nicholas,Support Agent,6,4/7/1992,6/26/2013,"5008 Jordan Meadows Apt. 025
Lake Guy, ND 71944",Marshallhaven,WV,San Marino,53335,001-728-424-1113,001-830-475-5587x52481,meganscott@example.net
Tran,Jill,Support Agent,1,12/14/1994,6/15/2013,"519 Sally Ramp Suite 396
Brandonside, PW 39216",Kathleenshire,OR,Grenada,16923,626-742-4325x7113,+1-456-677-6864x677,christopherjames@example.org
Todd,Christine,Support Agent,5,12/31/1973,4/23/2013,"6211 Turner Plains Suite 885
Lisaland, ME 90442",Muellerfurt,RI,Antigua and Barbuda,62377,(463)572-5786,001-408-255-4069,mary92@example.com
Miller,Alicia,Support Agent,4,1/14/1990,4/2/2011,"992 Thompson Shoals
New Tonymouth, PR 73265",South Shelly,CA,Estonia,30189,001-704-957-9199x474,545-760-5671x00261,scampbell@example.net
Stokes,Christina,Support Agent,,2/21/1994,12/10/2015,"1899 Tiffany Keys
Lake Katherinehaven, WY 95750",East David,MT,Svalbard & Jan Mayen Islands,71071,001-659-262-4198,(679)770-2447,rsmith@example.org
Sanford,Michael,Support Agent,1,8/3/1994,12/29/2002,"4978 Collin Plaza
Jamesshire, SC 19917",Wallfort,GU,Lebanon,90028,+1-500-549-7740x03810,(655)541-7341x528,steinamanda@example.org
Christian,David,Support Agent,6,7/13/2002,5/23/2020,"2077 Norman Freeway
Theresaview, CO 82859",Johnview,NM,Christmas Island,14895,785.829.3070,(927)570-0416,steven27@example.org
Rogers,Angela,Support Agent,10,9/9/1990,7/8/2007,"90732 Eugene Camp
West Michelleberg, UT 17866",New Jennifer,DE,Swaziland,23862,001-427-521-5311x8383,(272)941-6491x452,lukeweaver@example.com
Hall,Kevin,Support Agent,4,5/2/2001,4/22/2011,"325 Arias Court
Simpsonborough, IL 92174",East Timothy,IA,Azerbaijan,50560,(479)589-7128x53954,666-480-8366x9987,kelleymatthew@example.org
Garcia,Felicia,Support Agent,,8/12/1982,1/11/2018,"902 Cole Field
Robertport, HI 59636",Christianberg,MI,Western Sahara,33648,+1-322-610-8491x7472,942.858.3742,kathryn77@example.net
Torres,Andre,Support Agent,2,10/17/1966,12/25/2002,"1761 Keith Estate Apt. 178
Bakerland, OK 22203",Glendachester,WY,French Guiana,84591,838.463.0957x581,(730)673-5326x875,scott46@example.org
Torres,Melissa,Support Agent,6,10/8/1983,7/15/2008,"89891 Ana Isle
Travisshire, ND 51035",Michelleside,SC,Saint Lucia,84543,+1-782-985-1609x211,+1-907-212-9142x5464,robertlong@example.org
Adkins,Bradley,Support Agent,10,3/18/1996,8/6/2017,"4000 Ashley Tunnel
North Tracyville, TN 33390",Kellyborough,AR,Bhutan,24024,539.744.8212,(944)305-3153x1798,nfarmer@example.net
Garcia,Katherine,Support Agent,2,12/14/1965,7/21/2003,"53430 James Station Apt. 915
Adamborough, NJ 58123",Lake Randy,TN,Gibraltar,73676,469.825.9047,001-207-627-0418,nbenjamin@example.com
Black,Jennifer,Support Agent,,12/13/1970,4/2/2007,"39151 James Shores Apt. 146
East Samuelchester, CT 22509",Lake Elizabethport,GA,Antarctica (the territory South of 60 deg S),16168,001-690-252-5245x4729,+1-370-960-0325x3004,carlarobertson@example.net
Heath,Michelle,Support Agent,10,6/5/1995,5/10/2011,"06103 Kathryn Junctions
Port Justin, AL 72745",West Monicaton,VA,Yemen,70523,+1-987-795-1182x3419,504.921.9652,villarrealcristina@example.org
Lucero,Lauren,Support Agent,5,7/19/1997,12/21/2009,"3579 Glover Track
Markmouth, MN 20066",Wongborough,MI,Spain,28804,001-773-487-8722x450,-1716,karenlawson@example.net
Meadows,Brandon,Support Agent,1,7/22/1987,7/12/2016,"102 Tran Dale
Rodriguezton, AS 78033",Port Johnport,NC,Lao People's Democratic Republic,79548,+1-933-215-4632x071,(705)321-4952,beckerryan@example.com
Nguyen,Cathy,Support Agent,3,6/23/1967,9/3/2004,"5433 Moore Island
East Allisonland, PA 11169",Port Lauratown,RI,Seychelles,32738,001-523-774-5391x04020,+1-647-995-0340x001,peter32@example.org
Copeland,James,Support Agent,4,6/10/1970,2/12/2005,"50601 Ball Road
Lake Jeremystad, OR 36586",Jamesland,AZ,Cape Verde,12576,775-898-3275x3724,201-407-5962,welchjoseph@example.org
Gaines,Michael,Support Agent,7,9/13/1989,2/5/2000,"8906 Taylor Fields
Lake Jeremy, OR 97082",Johnsonfort,CT,Holy See (Vatican City State),54192,001-631-486-4817x3611,(499)261-7707x733,maymichael@example.com
Macdonald,Shannon,Support Agent,5,7/6/1977,6/21/2019,"6440 Hayes View
South Seanburgh, TN 01343",East Davidtown,MH,Belgium,16468,001-506-677-1369x1675,370.721.8382,dustin21@example.net
Burton,Lisa,Support Agent,1,7/24/1997,12/3/2022,"51975 Bowers Cove Apt. 308
Webbmouth, CO 48593",Holmeshaven,HI,Ireland,47152,-9019,001-952-292-5545,peterszachary@example.net
Ross,Ashley,Support Agent,1,5/14/1988,9/19/2005,"81554 Yolanda Hills Apt. 214
Evanstown, MO 32876",Millerville,DC,Fiji,96457,(683)927-3105x852,-8653,hpierce@example.org
Cruz,Dorothy,Support Agent,5,6/5/1983,11/9/2016,"02831 Williams Mill
West Erikashire, FL 18234",Aguirreview,MH,Sweden,65652,244-231-2832x0782,824.362.4853x7077,mark98@example.org
Skinner,Natalie,Support Agent,7,6/30/1974,4/19/2009,"USCGC Franklin
FPO AE 12262",New Susan,TX,Afghanistan,18887,+1-889-629-4231x862,4609305807,bryan60@example.com
King,Deborah,Support Agent,5,4/7/2000,12/26/2007,"73688 Schmidt Port
North Erinborough, WV 23973",Zhangfort,RI,Mauritania,88986,+1-542-935-7096x90291,554.956.2791x74320,kimberly97@example.com
May,Richard,Support Agent,9,1/13/2003,9/21/2024,"21585 Miller Stravenue Apt. 707
Kimberlybury, PR 25302",Edwardsborough,OK,Bahrain,95336,001-954-919-0800x31055,001-209-672-1838x8818,hpaul@example.com
Pierce,Travis,Support Agent,1,9/18/1991,6/21/2018,"6489 Stephens Mill
Jimenezborough, NE 32500",South Robertfort,MI,Croatia,72523,001-730-327-9715x050,(483)203-4649,thomas02@example.net
Powell,Elizabeth,Support Agent,,9/2/1993,10/8/2005,"358 Stokes Flat Apt. 601
Garyside, NV 86065",Port Nicolechester,PR,Equatorial Guinea,45038,218-304-5278,462-688-8872x39881,james72@example.com
Ball,Andrea,Support Agent,7,1/24/1970,4/24/2017,"48445 William Camp
Reneebury, OK 65972",West Michaelton,GA,Vietnam,81563,001-729-964-5368,259-707-9982,greenjoshua@example.net
Jacobson,Brandon,Support Agent,4,10/21/1986,12/23/2017,"USS Ritter
FPO AA 32667",West Amberfurt,NM,Kenya,52216,432-962-5205x406,628.998.3405,bradleybrittany@example.org
Watts,Ashley,Support Agent,10,4/27/1980,3/18/2023,"798 Kenneth Divide Apt. 188
Floresbury, DC 48348",Calhounstad,TN,El Salvador,82885,001-847-210-1168,-2013,derek51@example.org
Barnes,Anthony,Support Agent,3,3/12/1974,11/20/2024,"912 Taylor Shoals Suite 457
Schwartzburgh, FM 65850",Elliottton,CT,Maldives,79754,(776)427-2348,001-308-481-5930,hillstacey@example.com
Jones,Marvin,Support Agent,5,12/19/1976,12/10/2024,"8074 Tran Trafficway
New Brooke, ND 41679",Clarkberg,OK,Paraguay,79410,908.552.6716x735,(361)542-0425,scott59@example.com
Clay,Jenna,Support Agent,10,3/8/1973,11/5/2020,"285 William Dam
Saraport, NH 51186",Joshuachester,HI,Malawi,22908,001-333-673-3919,+1-382-215-8457x86863,wreid@example.org
Preston,Angela,Support Agent,10,12/29/2002,10/12/2003,"Unit 5071 Box 3445
DPO AA 18088",Brownland,VA,Holy See (Vatican City State),40137,(357)803-3462,001-893-812-3494x691,manningjonathan@example.org
Ward,Alison,Support Agent,6,1/10/1988,3/5/2022,"5222 Bell Port
South Amy, CA 51018",Hortonview,FM,Andorra,34367,(756)724-4591x82198,527-705-4183x9333,davidbuckley@example.net
Brown,Frank,Support Agent,6,9/18/1976,12/19/2020,"007 Dennis Keys Suite 227
North Cassandra, ND 31587",Wallacechester,AL,Taiwan,73639,001-659-958-0984x9813,(491)831-1639x04852,thompsonangela@example.org
Aguirre,John,Support Agent,9,9/21/1995,5/21/2010,"2519 Justin Trafficway Suite 476
Nancymouth, NJ 45962",East Amandabury,VT,Myanmar,96176,217-995-8789x997,001-593-744-9094x230,ruizlaura@example.com
Thompson,Levi,Support Agent,,11/26/1984,8/31/2020,"94514 Holt Knoll
Lake Dawn, MS 90031",Lake Kathleen,CO,Thailand,48930,001-830-458-6527x76185,983-338-5306x5192,gwyatt@example.com
Parker,David,Support Agent,3,2/18/1993,1/9/2021,"556 Stephen Burgs Suite 777
Port Breannahaven, SD 50872",Drakehaven,CA,Romania,59249,815.746.0673x16261,001-474-357-6290x53075,alexandrajones@example.org
Allen,Stacey,Support Agent,6,9/18/1966,2/10/2002,"537 Brian Ports
Halefort, LA 52132",New Andrew,KS,Tanzania,81433,001-782-979-8485,762-952-8277x2553,bstewart@example.org
Johnson,Alex,Support Agent,5,9/30/1999,5/6/2021,"733 Jones Forges Apt. 196
Matthewport, NH 72279",Port Brittanyton,UT,South Africa,95361,001-648-887-8210x738,767-953-1998x679,butlersabrina@example.com
Martinez,Roy,Support Agent,3,5/3/1979,1/11/2002,"6756 Bryan Prairie
Anthonychester, LA 11885",North Sheenaborough,GU,French Southern Territories,87933,5237481155,(948)591-8300x431,lisamullins@example.org
Campbell,Phyllis,Support Agent,,11/23/1974,3/14/2008,"404 Kari Mill Apt. 022
Garrettview, NJ 29900",East Catherineburgh,IN,Burkina Faso,48264,810.551.6448,001-899-883-2927x80031,noahfrey@example.org
Rollins,Misty,Support Agent,7,8/13/1985,12/28/2010,"5071 Walls Avenue
Matthewburgh, NY 59324",Silvachester,KS,Spain,25237,(295)958-7740x3339,527.850.5385x419,oliverfrederick@example.net
Green,Joshua,Support Agent,2,11/15/1999,1/30/2000,"509 Kyle Pike
East Erin, VT 34467",Crossstad,DE,North Macedonia,39160,895.904.4540x9242,227.826.2608,gfranklin@example.org
Montgomery,Brian,Support Agent,1,6/2/1983,7/2/2013,"77968 Morgan Track
East Harry, MA 52372",West Mark,PR,United States Virgin Islands,13106,(298)607-4037x9992,(995)581-5242,ronaldromero@example.org
Ortiz,Cheryl,Support Agent,,10/5/1990,12/13/2012,"PSC 6705, Box 7949
APO AE 46170",Juanchester,MI,Chad,77115,(397)276-5535x08593,580.286.2019,jessicayang@example.org
Ward,John,Support Agent,4,3/19/1973,7/11/2020,"Unit 4709 Box 5896
DPO AP 70110",Lake Amber,IA,Papua New Guinea,94999,(625)214-4641x8505,001-297-638-7258,xpatel@example.com
Chandler,David,Support Agent,2,8/8/2002,2/12/2022,"20018 Lewis Garden
North Riley, MD 57642",Kimberlyberg,VA,Mozambique,40106,001-753-394-0759x7710,(543)733-1680x45804,joshuaperez@example.com
Wagner,Bonnie,Support Agent,1,5/19/1990,10/21/2017,"06103 Willie Expressway Apt. 612
Hollowayborough, AS 60503",Haleport,GU,France,33848,+1-346-694-4526x13038,767.303.9602x362,dkelley@example.net
Jordan,Bethany,Support Agent,3,7/9/1967,8/14/2006,"678 Roberts Way Apt. 646
New Lisatown, WY 86673",Jasonhaven,IL,American Samoa,16492,6883623881,001-923-935-3586x804,charles81@example.org
Smith,Tamara,Support Agent,9,3/14/1990,12/7/2021,"607 Ryan Plain
North Charles, DE 00974",Leebury,PR,Turkey,63007,315-620-6174,326.775.1175x124,gwolfe@example.net
Atkins,Sabrina,Support Agent,8,1/31/2000,12/7/2022,"3935 Sandra Inlet Suite 981
Lake Brian, KS 31963",Jacobshaven,NE,Azerbaijan,67850,-2869,732.328.6627,tamaranichols@example.com
Hancock,Dennis,Support Agent,6,11/27/1975,8/27/2016,"536 Lee Land
Lake Jared, IN 48110",Glovershire,TX,Switzerland,29331,(634)394-9498x52418,(649)938-9514,uhunt@example.org
Miles,Michael,Support Agent,10,4/14/1991,12/14/2018,"2183 Hurley Plain
West Jennifer, CA 90104",Port Alicia,VA,Turkmenistan,76201,001-672-744-3226x9057,820-553-4979x9002,paul75@example.net
Cain,Jeanette,Support Agent,1,12/10/1968,3/29/2003,"05324 Perez Hollow Apt. 326
Emilyshire, NJ 80095",East Heather,NC,Poland,19060,216-283-0682x3871,928-653-6139x1360,carla56@example.net
White,Nicole,Support Agent,3,3/8/1998,2/20/2015,"551 Janet Rapid
West Craig, SD 82733",Adammouth,FM,Nigeria,83077,001-291-214-7899x586,+1-226-545-9286x769,pattersontimothy@example.com
Zuniga,Todd,Support Agent,4,1/1/1976,5/2/2015,"3915 Bailey Grove
North Cathy, PW 88628",Rochastad,OR,South Africa,20467,001-599-914-4339x267,001-919-492-4512x9047,john54@example.org
Ortiz,Mark,Support Agent,7,9/8/1982,8/21/2001,"9568 Todd Prairie Suite 032
Josephport, KY 45544",Christopherstad,WV,Suriname,80173,(344)953-9901,887.855.6203x565,jacksonhawkins@example.net
Nichols,Benjamin,Support Agent,,6/18/1987,9/17/2001,"828 Mark Spring Suite 731
New Pamelachester, ME 43451",New Kristinashire,PA,Nigeria,77259,429.269.3698,725-490-0258x1618,guerrerosherry@example.net
Jimenez,Cynthia,Support Agent,2,7/11/1969,1/18/2013,"823 Hernandez Pines
West Nathaniel, VA 40062",Port Vanessashire,KY,Germany,86408,534-428-3299x408,+1-214-719-5367x37990,campbellangel@example.org
Irwin,Lisa,Support Agent,4,6/27/1970,9/10/2003,"USNV Rivera
FPO AE 73177",Port Peter,AR,Azerbaijan,42616,307.661.2991x245,+1-618-881-6018x543,leonardwilliam@example.net
Dunn,Wendy,Support Agent,4,5/3/1990,9/4/2005,"PSC 9771, Box 2038
APO AP 15609",Cohenland,WY,United States of America,98162,769.571.5454,001-352-297-4003,josemitchell@example.com
Preston,Sean,Support Agent,10,2/7/1992,10/27/2007,"52770 Sandoval Skyway
South Lukeport, MA 59027",New Annafurt,LA,Zimbabwe,43035,+1-870-204-5516x101,946.737.7304,taylor52@example.org
Malone,Carly,Support Agent,,11/24/1966,3/3/2015,"03383 Robertson Ranch
New Emilyview, UT 71776",Wangberg,MN,Thailand,83036,(232)339-8546,+1-899-399-3130x548,bradychristopher@example.com
Ramirez,Dylan,Support Agent,8,10/14/1969,7/21/2019,"8168 Regina Turnpike
South Michael, WI 83858",Butlerfurt,PR,Latvia,9993,931-536-5909,8273720463,jerry70@example.org
Oliver,Joshua,Support Agent,4,6/1/1985,4/27/2023,"365 Hall Mill
Lake Luis, ME 85459",West Haroldville,MO,Ecuador,53532,+1-985-411-4270x888,+1-553-271-4607x229,matthewperez@example.org
Anderson,Gregory,Support Agent,4,6/6/1993,9/30/2001,"19433 Potter Ridge Apt. 008
New Rachel, FM 76566",Bondfurt,AK,Georgia,55165,422-663-6624x8095,691-547-5875x80607,hprice@example.org
Moore,Glenn,Support Agent,1,11/1/1989,2/3/2015,"9007 James Viaduct
Watsonville, HI 15881",Lake Staceymouth,SD,Oman,46341,001-259-688-5324x1106,572.400.6269x3982,cartercassandra@example.org
Miller,Samuel,Support Agent,2,12/1/2001,10/30/2002,"069 Andre Islands
New Mark, MH 27758",New Timothyville,DE,Guatemala,11487,828-963-4249x48579,001-820-208-7580,adrian39@example.org
Young,Kevin,Support Agent,1,9/15/1971,2/19/2002,"36113 Ross Dam
West Kevin, WI 67663",Lake Karen,GU,Senegal,81471,(901)599-5510x36266,566-316-6501x6311,christinaperez@example.net
Hill,Alexander,Support Agent,6,3/11/1981,12/13/2012,"4868 Perry Common Suite 279
South Victorberg, AZ 73091",North Barryland,RI,Czech Republic,44578,507-200-4850x21604,+1-474-355-3501x355,fullerlarry@example.com
Zamora,Daniel,Support Agent,2,1/12/1994,8/19/2016,"39977 Barton Dale Suite 911
Hutchinsonbury, WY 35389",Millerport,MS,Tonga,19977,518-689-6230,420-390-8115,eburke@example.com
Barry,Dale,Support Agent,3,8/9/1983,10/16/2021,"77589 Murphy Cove Apt. 490
Sancheztown, OH 51425",Jordanmouth,HI,Chile,88785,708.350.6203,001-616-262-8011x14766,sullivankeith@example.net
Martin,Robert,Support Agent,,9/27/1981,1/31/2023,"209 Audrey Expressway Apt. 301
West Christyland, MT 06340",Maldonadoview,MT,Bulgaria,77463,933.225.1372x68984,975-801-1627x45765,john35@example.net
Johnson,Carlos,Support Agent,,11/25/1974,7/8/2014,"4158 Cherry Station
Port Lisamouth, MO 59637",South Ericburgh,IN,Turks and Caicos Islands,51968,(893)996-9530x3178,+1-917-207-6238x9731,whitebrian@example.com
Brown,Gregory,Support Agent,8,7/17/1991,6/10/2023,"5454 Sara Pines Suite 944
Taraland, NM 03568",Williamhaven,MS,Congo,53496,+1-640-755-3430x2956,001-794-293-1815x85096,jonesnichole@example.net
House,Holly,Support Agent,6,12/19/1969,1/28/2010,"83417 Benjamin Crest
New Mary, TN 67578",Wardland,MA,North Macedonia,32830,688-456-9325x4922,918-928-5116,jamesschneider@example.net
Perez,Jacob,Support Agent,7,11/8/1971,9/17/2012,"107 Hernandez Via Apt. 225
West Stevenchester, DC 70594",Lake Johnshire,IA,Saint Martin,51632,001-273-533-1688,(868)675-3039x00272,pphillips@example.net
Johnson,James,Support Agent,,2/3/1976,4/8/2019,"251 Hayes Key
New Danielfort, CA 81596",New Phillipton,AZ,Saint Kitts and Nevis,5220,-8143,(675)209-2100x556,lcarr@example.com
Perry,Patrick,Support Agent,9,6/26/1987,1/10/2010,"014 Michael Ford Suite 761
Deniseside, SD 06041",West Jason,MD,Suriname,48212,(805)944-9053,662-399-3287,robertpetty@example.org
Leblanc,Gary,Support Agent,6,5/27/1994,9/15/2005,"988 Hubbard Fords Suite 059
New Ana, HI 18610",Fosterfurt,IL,Sao Tome and Principe,6801,+1-601-753-9264x92998,465-739-8406x5711,richardbarker@example.net
Blevins,Evelyn,Support Agent,8,1/3/1976,3/17/2010,"083 Miller Skyway
Deborahbury, SC 93500",New Christinabury,MP,Botswana,73779,518.898.5506x42234,(878)523-8869x78005,jonesricky@example.org
Reese,Samantha,Support Agent,1,8/12/1983,12/26/2023,"91219 Kevin Field
Kimfort, MS 47156",West Lauraton,CA,Bahrain,16469,+1-717-213-1580x69731,+1-638-253-2272x084,marthawatkins@example.com
Johnson,Mark,Support Agent,7,6/17/1967,4/30/2011,"PSC 1022, Box 3026
APO AP 84551",South Jessicaland,DE,Croatia,9321,+1-269-346-9503x80615,001-836-510-2862x77488,daniel33@example.com
White,Tiffany,Support Agent,10,6/22/1965,4/17/2023,"8344 Amanda Spurs
Johnborough, ID 81243",Lake Charlesstad,NM,Cook Islands,31148,3015603098,221.608.7669x7014,fordmargaret@example.org
Franco,Amanda,Support Agent,8,7/7/1966,9/23/2010,"3403 Bullock Square Apt. 937
Lamburgh, WI 45522",Tamarashire,AS,Central African Republic,97993,+1-676-874-6024x9554,467-923-9896x4910,edavis@example.net
Contreras,Nicole,Support Agent,3,1/27/1965,2/6/2007,"160 Edwards Crossroad Suite 340
New Reneetown, CT 70429",Port Danaburgh,GU,Guinea,76811,399-891-5214x1671,001-576-923-4871x114,howellalbert@example.net
Smith,Christy,Support Agent,7,11/27/1984,8/25/2021,"54402 Hodge Valleys
Lake Robertfort, MO 36645",New Heather,RI,Puerto Rico,52248,001-887-738-1681x1795,001-947-856-7015x6345,santiagowayne@example.org
Graham,Shannon,Support Agent,6,9/9/1997,1/15/2008,"337 Davies Wells
Hawkinsburgh, DC 69081",Patriciastad,WY,Puerto Rico,46601,+1-407-787-3741x10302,963.925.6423,schwartzcaleb@example.com
Green,Kristin,Support Agent,2,11/27/1966,2/1/2004,"57771 Mclean Views
Scottport, TN 21619",Brennanchester,WI,Mayotte,70062,617-541-9761x690,(417)842-5838x6746,amanda40@example.net
Wade,Debbie,Support Agent,5,9/7/1986,2/8/2016,"Unit 8234 Box 3718
DPO AE 12077",Mcdonaldville,CO,Mayotte,36039,001-592-595-8160x05793,+1-904-745-4668x1753,regina05@example.org
Avila,Jonathan,Support Agent,9,1/28/1981,9/1/2010,"2018 Bryan Point
East Elizabethmouth, KS 53658",Leonberg,TN,Luxembourg,86172,(864)698-0612,001-636-961-4745x75968,yriley@example.org
Vargas,Brandon,Support Agent,4,2/3/2003,5/19/2002,"046 Jacqueline Unions Suite 490
Hurleytown, DE 78750",Johnsonshire,AK,Belgium,86629,4809506979,443.605.6727x7887,mckenziesandoval@example.net
Gordon,Roger,Support Agent,2,11/28/1988,8/12/2010,"88610 Richardson Mount Suite 616
West Sherylmouth, AK 62100",Brandonhaven,NH,North Macedonia,23143,757.997.3417,7117749907,brendan11@example.com
Freeman,Kristin,Support Agent,,9/3/1997,12/13/2021,"Unit 3568 Box 6038
DPO AA 23448",Port Danielle,MA,Thailand,88474,+1-978-866-0384x8089,248.902.9126x6418,charleslopez@example.net
Perez,Brooke,Support Agent,1,2/14/1985,12/29/2012,"80200 Sarah Path
Port Richardfurt, VT 25159",Lake Markside,NH,Korea,12768,582-396-6300x619,(624)592-4874x226,ronnie89@example.org
Green,Ryan,Support Agent,6,2/27/1985,7/26/2012,"USNV White
FPO AA 77336",West Jeffrey,NY,Marshall Islands,49764,402.982.7512,293-586-0507x35762,davistamara@example.com
Taylor,Alan,Support Agent,1,5/10/1995,8/31/2010,"3834 Jared Fork Suite 214
North Katherinebury, FM 53997",East Bettybury,MH,Heard Island and McDonald Islands,86815,473.491.3873x19619,865.765.0406x1859,tammy67@example.org
Smith,Melissa,Support Agent,3,10/6/1984,7/19/2011,"64718 Williams Motorway
Robertberg, WA 28983",East Colleenville,CT,Eritrea,38985,001-646-475-7599x432,8968119087,wmullins@example.com
Harris,David,Support Agent,4,9/30/1992,1/25/2000,"1290 Weaver Light
North Nicole, SC 83356",Michelleside,MP,New Zealand,77324,589-903-3828x82628,+1-755-832-0496x90770,dchen@example.org
Mccarthy,John,Support Agent,7,9/16/1996,7/12/2005,"08984 Lonnie Grove Apt. 749
Greenside, KY 90944",Susanport,NH,Saint Kitts and Nevis,80744,001-869-719-2877x683,-7617,bryan85@example.net
Cook,Paul,Support Agent,10,3/9/2002,1/12/2012,"582 Martinez Underpass Apt. 448
Rodgersmouth, VT 45045",North Ashleymouth,NV,Kenya,54371,9238561329,332.245.7323x32450,pwood@example.net
Carrillo,Stacy,Support Agent,,1/21/1989,11/27/2018,"3555 Phillips Valleys
South Susanhaven, DE 08649",Laraton,SC,Greece,56849,-3963,389-457-3696x093,qward@example.com
Green,Erika,Support Agent,10,7/3/1976,12/25/2003,"17445 Williams Park Suite 727
Taylortown, WA 85737",Taylorshire,NY,Niger,13773,001-316-811-2160x3706,+1-977-981-5539x8970,michaelmurphy@example.net
Howard,Nicole,Support Agent,7,1/27/2000,10/26/2016,"PSC 1446, Box 8790
APO AE 24989",New Yvonneview,CO,Sudan,63726,379-505-5962x948,920.589.9399x102,dunnkristie@example.net
Keith,Brian,Support Agent,2,9/3/1985,8/8/2014,"955 Wagner Spring
West Susan, MT 28472",Simpsonborough,KS,Kyrgyz Republic,49429,754.512.1735x186,001-549-472-8521x9619,lisakoch@example.org
Wright,Shane,Support Agent,,2/8/2002,4/8/2009,"PSC 7927, Box 4106
APO AP 47975",Elliottton,SD,Monaco,71456,584.769.7718,918.500.6154x722,qcooper@example.net
Hawkins,Daniel,Support Agent,3,1/9/2002,10/28/2007,"73743 Valerie Road
Catherinestad, MT 90404",South Margaretview,FM,Honduras,56781,+1-954-297-8511x9565,001-568-930-6866,huangcarolyn@example.org
Moore,Michele,Support Agent,5,12/12/2002,6/26/2007,"14386 Lutz Curve Apt. 136
Wagnerside, LA 00973",Port Michael,GA,Guadeloupe,28423,001-416-276-6534x179,960-355-1585,melendezedward@example.com
Brennan,Eric,Support Agent,7,9/24/1971,8/3/2021,"01229 Obrien Manors Apt. 014
South Lesliemouth, ME 53265",Smithview,KS,China,24371,001-775-685-5723x750,583.435.1090x2536,ivanmercer@example.org
Estrada,Kristi,Support Agent,,5/8/1982,12/15/2022,"93589 Roy Ford
Normaborough, OH 40898",Mirandabury,OK,Comoros,22077,(991)739-0436x6603,001-540-255-8170x5190,avilagabriel@example.com
Garcia,Samantha,Support Agent,10,5/13/1993,1/6/2013,"626 Clark Fort Apt. 256
Jamesside, AS 47637",North Ana,MS,Puerto Rico,14814,+1-481-660-2952x427,826-382-9557,lhaley@example.net
Beck,Mary,Support Agent,3,1/20/1965,6/8/2008,"7068 Wu Greens
West Jeffreyside, WY 01163",East Emma,NM,Bolivia,25394,8494389481,(276)385-2797x32395,martineztimothy@example.net
Sanders,Sarah,Support Agent,5,7/12/1966,5/3/2007,"2197 Munoz Roads Suite 610
New Mary, MD 01983",Greerstad,GU,Niue,64707,001-202-636-8088x93749,+1-873-438-5208x51827,alvarezbrandy@example.org
Thomas,John,Support Agent,,3/2/1996,11/15/2016,"3728 Jones Street
West Lindamouth, AL 27143",Mooreshire,UT,Afghanistan,56030,667.628.3705x041,(260)238-5999x4053,udaniels@example.com
Black,Daniel,Support Agent,8,6/28/1967,10/31/2003,"7759 Barry Summit
East Ronald, MP 37605",Millerfort,UT,Jordan,36411,+1-909-429-4390x024,(976)401-8322,lee40@example.org
Hernandez,Stefanie,Support Agent,3,3/10/1994,5/25/2006,"363 Ellis Forge Apt. 511
Wesleychester, KY 05642",Leefurt,AZ,Guatemala,57754,(379)234-7754,+1-598-718-3780x0758,andersonemma@example.com
Hughes,Brittany,Support Agent,2,11/13/1981,4/29/2006,"PSC 9731, Box 0678
APO AA 21159",West Davidfurt,CA,Ecuador,18799,001-771-529-3359x22047,853.422.6667,nguyendonna@example.org
Medina,Roberta,Support Agent,10,12/3/1967,2/26/2004,"USNV Taylor
FPO AE 62452",Port Courtneyton,VA,Cote d'Ivoire,7767,930-883-5493x900,929-248-6095x391,ydawson@example.com
Williams,Robert,Support Agent,9,9/8/1975,12/1/2003,"PSC 5774, Box 4537
APO AA 33815",South Melindaville,WA,British Indian Ocean Territory (Chagos Archipelago),1656,001-623-785-2137x88096,001-717-271-2582x741,daniel43@example.net
Mercado,Deborah,Support Agent,8,8/10/1996,12/11/2008,"72499 Anna Pass Apt. 197
North Jennifer, PR 80855",Hintonfort,KY,Togo,15889,848-330-1642x724,7324503790,ian20@example.net
Fisher,Sara,Support Agent,4,11/27/1985,2/27/2007,"8799 Calvin Plain Apt. 978
Shawnton, CA 68469",Elizabethside,AL,Equatorial Guinea,87377,001-905-578-1501x55636,914-255-0553x278,qsmith@example.com
Carroll,Amy,Support Agent,10,5/13/1985,11/19/2002,"6673 Robbins Junction Apt. 358
New Sarah, NM 20835",Ruizton,IN,Togo,60641,001-700-371-5635x83817,001-670-468-4097x372,madisonhernandez@example.com
Schaefer,Jennifer,Support Agent,9,2/18/1996,6/20/2001,"60415 Jamie View
Andrewmouth, NM 67761",New James,NE,United States of America,47540,850-893-1196x169,854-825-9100x04660,rebecca59@example.com
Schmidt,David,Support Agent,10,2/22/2003,1/8/2017,"299 Wells Shores Apt. 233
South Margaretton, ID 41052",Ronaldland,OH,Dominica,10766,397.264.4282x994,001-633-503-7306x780,crossjoshua@example.net
Lawrence,Jeremy,Support Agent,5,12/19/1994,6/14/2005,"3590 Ann Village
New Janet, IA 20249",Ericport,MD,Madagascar,1068,431.913.7986x6815,763-660-8524x3666,carlygonzalez@example.net
Wilson,Brenda,Support Agent,1,7/15/1982,2/10/2017,"08216 Barker Light
Josetown, ID 68745",Garciaburgh,VT,Lithuania,24553,8733436545,589.817.0977,juliechambers@example.com
